Timestamp,Face Status,Eye Status
2026-01-25 12:11:25,No Face Detected,No Face Detected
2026-01-25 12:11:25,No Face Detected,No Face Detected
2026-01-25 12:11:25,No Face Detected,No Face Detected
2026-01-25 12:11:25,No Face Detected,No Face Detected
2026-01-25 12:11:25,No Face Detected,No Face Detected
2026-01-25 12:11:25,No Face Detected,No Face Detected
2026-01-25 12:11:26,No Face Detected,No Face Detected
2026-01-25 12:11:26,No Face Detected,No Face Detected
2026-01-25 12:11:26,No Face Detected,No Face Detected
2026-01-25 12:11:26,No Face Detected,No Face Detected
2026-01-25 12:11:26,No Face Detected,No Face Detected
2026-01-25 12:11:26,No Face Detected,No Face Detected
2026-01-25 12:11:26,No Face Detected,No Face Detected
2026-01-25 12:11:26,No Face Detected,No Face Detected
2026-01-25 12:11:26,No Face Detected,No Face Detected
2026-01-25 12:11:26,No Face Detected,No Face Detected
2026-01-25 12:11:26,No Face Detected,No Face Detected
2026-01-25 12:11:26,No Face Detected,No Face Detected
2026-01-25 12:11:26,No Face Detected,No Face Detected
2026-01-25 12:11:26,No Face Detected,No Face Detected
2026-01-25 12:11:26,No Face Detected,No Face Detected
2026-01-25 12:11:26,No Face Detected,No Face Detected
2026-01-25 12:11:26,No Face Detected,No Face Detected
2026-01-25 12:11:26,No Face Detected,No Face Detected
2026-01-25 12:11:26,No Face Detected,No Face Detected
2026-01-25 12:11:26,No Face Detected,No Face Detected
2026-01-25 12:11:26,No Face Detected,No Face Detected
2026-01-25 12:11:26,No Face Detected,No Face Detected
2026-01-25 12:11:26,No Face Detected,No Face Detected
2026-01-25 12:11:26,No Face Detected,No Face Detected
2026-01-25 12:11:26,No Face Detected,No Face Detected
2026-01-25 12:11:26,No Face Detected,No Face Detected
2026-01-25 12:11:26,No Face Detected,No Face Detected
2026-01-25 12:11:26,No Face Detected,No Face Detected
2026-01-25 12:11:26,No Face Detected,No Face Detected
2026-01-25 12:11:26,No Face Detected,No Face Detected
2026-01-25 12:11:27,No Face Detected,No Face Detected
2026-01-25 12:11:27,No Face Detected,No Face Detected
2026-01-25 12:11:27,No Face Detected,No Face Detected
2026-01-25 12:11:27,No Face Detected,No Face Detected
2026-01-25 12:11:27,No Face Detected,No Face Detected
2026-01-25 12:11:27,No Face Detected,No Face Detected
2026-01-25 12:11:27,No Face Detected,No Face Detected
2026-01-25 12:11:27,No Face Detected,No Face Detected
2026-01-25 12:11:27,No Face Detected,No Face Detected
2026-01-25 12:11:27,No Face Detected,No Face Detected
2026-01-25 12:11:27,No Face Detected,No Face Detected
2026-01-25 12:11:27,No Face Detected,No Face Detected
2026-01-25 12:11:27,No Face Detected,No Face Detected
2026-01-25 12:11:27,No Face Detected,No Face Detected
2026-01-25 12:11:27,No Face Detected,No Face Detected
2026-01-25 12:11:27,No Face Detected,No Face Detected
2026-01-25 12:11:27,No Face Detected,No Face Detected
2026-01-25 12:11:27,No Face Detected,No Face Detected
2026-01-25 12:11:27,No Face Detected,No Face Detected
2026-01-25 12:11:27,No Face Detected,No Face Detected
2026-01-25 12:11:27,No Face Detected,No Face Detected
2026-01-25 12:11:27,No Face Detected,No Face Detected
2026-01-25 12:11:27,No Face Detected,No Face Detected
2026-01-25 12:11:27,No Face Detected,No Face Detected
2026-01-25 12:11:27,No Face Detected,No Face Detected
2026-01-25 12:11:27,No Face Detected,No Face Detected
2026-01-25 12:11:27,No Face Detected,No Face Detected
2026-01-25 12:11:27,No Face Detected,No Face Detected
2026-01-25 12:11:28,No Face Detected,No Face Detected
2026-01-25 12:11:28,No Face Detected,No Face Detected
2026-01-25 12:11:28,No Face Detected,No Face Detected
2026-01-25 12:11:28,No Face Detected,No Face Detected
2026-01-25 12:11:28,No Face Detected,No Face Detected
2026-01-25 12:11:28,No Face Detected,No Face Detected
2026-01-25 12:11:28,No Face Detected,No Face Detected
2026-01-25 12:11:28,No Face Detected,No Face Detected
2026-01-25 12:11:28,No Face Detected,No Face Detected
2026-01-25 12:11:28,No Face Detected,No Face Detected
2026-01-25 12:11:28,No Face Detected,No Face Detected
2026-01-25 12:11:28,No Face Detected,No Face Detected
2026-01-25 12:11:28,No Face Detected,No Face Detected
2026-01-25 12:11:28,No Face Detected,No Face Detected
2026-01-25 12:11:28,No Face Detected,No Face Detected
2026-01-25 12:11:28,No Face Detected,No Face Detected
2026-01-25 12:11:28,No Face Detected,No Face Detected
2026-01-25 12:11:28,No Face Detected,No Face Detected
2026-01-25 12:11:28,No Face Detected,No Face Detected
2026-01-25 12:11:28,No Face Detected,No Face Detected
2026-01-25 12:11:28,No Face Detected,No Face Detected
2026-01-25 12:11:28,No Face Detected,No Face Detected
2026-01-25 12:11:28,No Face Detected,No Face Detected
2026-01-25 12:11:28,No Face Detected,No Face Detected
2026-01-25 12:11:28,No Face Detected,No Face Detected
2026-01-25 12:11:28,No Face Detected,No Face Detected
2026-01-25 12:11:28,No Face Detected,No Face Detected
2026-01-25 12:11:28,No Face Detected,No Face Detected
2026-01-25 12:11:28,No Face Detected,No Face Detected
2026-01-25 12:11:28,No Face Detected,No Face Detected
2026-01-25 12:11:28,No Face Detected,No Face Detected
2026-01-25 12:11:28,No Face Detected,No Face Detected
2026-01-25 12:11:29,No Face Detected,No Face Detected
2026-01-25 12:11:29,No Face Detected,No Face Detected
2026-01-25 12:11:29,No Face Detected,No Face Detected
2026-01-25 12:11:29,No Face Detected,No Face Detected
2026-01-25 12:11:29,No Face Detected,No Face Detected
2026-01-25 12:11:29,No Face Detected,No Face Detected
2026-01-25 12:11:29,No Face Detected,No Face Detected
2026-01-25 12:11:29,No Face Detected,No Face Detected
2026-01-25 12:11:29,No Face Detected,No Face Detected
2026-01-25 12:11:29,No Face Detected,No Face Detected
2026-01-25 12:11:29,No Face Detected,No Face Detected
2026-01-25 12:11:29,No Face Detected,No Face Detected
2026-01-25 12:11:29,No Face Detected,No Face Detected
2026-01-25 12:11:29,No Face Detected,No Face Detected
2026-01-25 12:11:29,No Face Detected,No Face Detected
2026-01-25 12:11:29,No Face Detected,No Face Detected
2026-01-25 12:11:29,No Face Detected,No Face Detected
2026-01-25 12:11:29,No Face Detected,No Face Detected
2026-01-25 12:11:29,No Face Detected,No Face Detected
2026-01-25 12:11:29,No Face Detected,No Face Detected
2026-01-25 12:11:29,No Face Detected,No Face Detected
2026-01-25 12:11:29,No Face Detected,No Face Detected
2026-01-25 12:11:29,No Face Detected,No Face Detected
2026-01-25 12:11:29,No Face Detected,No Face Detected
2026-01-25 12:11:29,No Face Detected,No Face Detected
2026-01-25 12:11:29,No Face Detected,No Face Detected
2026-01-25 12:11:29,No Face Detected,No Face Detected
2026-01-25 12:11:29,No Face Detected,No Face Detected
2026-01-25 12:11:29,No Face Detected,No Face Detected
2026-01-25 12:11:30,No Face Detected,No Face Detected
2026-01-25 12:11:30,No Face Detected,No Face Detected
2026-01-25 12:11:30,No Face Detected,No Face Detected
2026-01-25 12:11:30,No Face Detected,No Face Detected
2026-01-25 12:11:30,No Face Detected,No Face Detected
2026-01-25 12:11:30,No Face Detected,No Face Detected
2026-01-25 12:11:30,No Face Detected,No Face Detected
2026-01-25 12:11:30,No Face Detected,No Face Detected
2026-01-25 12:11:30,No Face Detected,No Face Detected
2026-01-25 12:11:30,No Face Detected,No Face Detected
2026-01-25 12:11:30,No Face Detected,No Face Detected
2026-01-25 12:11:30,No Face Detected,No Face Detected
2026-01-25 12:11:30,No Face Detected,No Face Detected
2026-01-25 12:11:30,No Face Detected,No Face Detected
2026-01-25 12:11:30,No Face Detected,No Face Detected
2026-01-25 12:11:30,No Face Detected,No Face Detected
2026-01-25 12:11:30,No Face Detected,No Face Detected
2026-01-25 12:11:30,No Face Detected,No Face Detected
2026-01-25 12:11:30,No Face Detected,No Face Detected
2026-01-25 12:11:30,No Face Detected,No Face Detected
2026-01-25 12:11:30,No Face Detected,No Face Detected
2026-01-25 12:11:30,No Face Detected,No Face Detected
2026-01-25 12:11:30,No Face Detected,No Face Detected
2026-01-25 12:11:30,No Face Detected,No Face Detected
2026-01-25 12:11:30,No Face Detected,No Face Detected
2026-01-25 12:11:30,No Face Detected,No Face Detected
2026-01-25 12:11:30,No Face Detected,No Face Detected
2026-01-25 12:11:30,No Face Detected,No Face Detected
2026-01-25 12:11:30,No Face Detected,No Face Detected
2026-01-25 12:11:30,No Face Detected,No Face Detected
2026-01-25 12:11:30,No Face Detected,No Face Detected
2026-01-25 12:11:31,No Face Detected,No Face Detected
2026-01-25 12:11:31,No Face Detected,No Face Detected
2026-01-25 12:11:31,No Face Detected,No Face Detected
2026-01-25 12:11:31,No Face Detected,No Face Detected
2026-01-25 12:11:31,No Face Detected,No Face Detected
2026-01-25 12:11:31,No Face Detected,No Face Detected
2026-01-25 12:11:31,No Face Detected,No Face Detected
2026-01-25 12:11:31,No Face Detected,No Face Detected
2026-01-25 12:11:31,No Face Detected,No Face Detected
2026-01-25 12:11:31,No Face Detected,No Face Detected
2026-01-25 12:11:31,No Face Detected,No Face Detected
2026-01-25 12:11:31,No Face Detected,No Face Detected
2026-01-25 12:11:31,No Face Detected,No Face Detected
2026-01-25 12:11:31,No Face Detected,No Face Detected
2026-01-25 12:11:31,No Face Detected,No Face Detected
2026-01-25 12:11:31,No Face Detected,No Face Detected
2026-01-25 12:11:31,No Face Detected,No Face Detected
2026-01-25 12:11:31,No Face Detected,No Face Detected
2026-01-25 12:11:31,No Face Detected,No Face Detected
2026-01-25 12:11:31,No Face Detected,No Face Detected
2026-01-25 12:11:31,No Face Detected,No Face Detected
2026-01-25 12:11:31,No Face Detected,No Face Detected
2026-01-25 12:11:31,No Face Detected,No Face Detected
2026-01-25 12:11:31,No Face Detected,No Face Detected
2026-01-25 12:11:31,No Face Detected,No Face Detected
2026-01-25 12:11:31,No Face Detected,No Face Detected
2026-01-25 12:11:31,No Face Detected,No Face Detected
2026-01-25 12:11:31,No Face Detected,No Face Detected
2026-01-25 12:11:31,No Face Detected,No Face Detected
2026-01-25 12:11:32,No Face Detected,No Face Detected
2026-01-25 12:11:32,No Face Detected,No Face Detected
2026-01-25 12:11:32,No Face Detected,No Face Detected
2026-01-25 12:11:32,No Face Detected,No Face Detected
2026-01-25 12:11:32,No Face Detected,No Face Detected
2026-01-25 12:11:32,No Face Detected,No Face Detected
2026-01-25 12:11:32,No Face Detected,No Face Detected
2026-01-25 12:11:32,No Face Detected,No Face Detected
2026-01-25 12:11:32,No Face Detected,No Face Detected
2026-01-25 12:11:32,No Face Detected,No Face Detected
2026-01-25 12:11:32,No Face Detected,No Face Detected
2026-01-25 12:11:32,No Face Detected,No Face Detected
2026-01-25 12:11:32,No Face Detected,No Face Detected
2026-01-25 12:11:32,No Face Detected,No Face Detected
2026-01-25 12:11:32,No Face Detected,No Face Detected
2026-01-25 12:11:32,No Face Detected,No Face Detected
2026-01-25 12:11:32,No Face Detected,No Face Detected
2026-01-25 12:11:32,No Face Detected,No Face Detected
2026-01-25 12:11:32,No Face Detected,No Face Detected
2026-01-25 12:11:32,No Face Detected,No Face Detected
2026-01-25 12:11:32,No Face Detected,No Face Detected
2026-01-25 12:11:32,No Face Detected,No Face Detected
2026-01-25 12:11:32,No Face Detected,No Face Detected
2026-01-25 12:11:32,No Face Detected,No Face Detected
2026-01-25 12:11:32,No Face Detected,No Face Detected
2026-01-25 12:11:32,No Face Detected,No Face Detected
2026-01-25 12:11:32,No Face Detected,No Face Detected
2026-01-25 12:11:32,No Face Detected,No Face Detected
2026-01-25 12:11:32,No Face Detected,No Face Detected
2026-01-25 12:11:32,No Face Detected,No Face Detected
2026-01-25 12:11:33,No Face Detected,No Face Detected
2026-01-25 12:11:33,Normal,Looking Away
2026-01-25 12:11:33,Normal,Looking Away
2026-01-25 12:11:33,Normal,Looking Away
2026-01-25 12:11:33,Normal,Looking Away
2026-01-25 12:11:33,Normal,Looking Away
2026-01-25 12:11:33,Normal,Looking Away
2026-01-25 12:11:33,Normal,Looking Away
2026-01-25 12:11:33,Normal,Looking Away
2026-01-25 12:11:33,Normal,Looking Away
2026-01-25 12:11:33,Normal,Looking Away
2026-01-25 12:11:33,Normal,Looking Away
2026-01-25 12:11:33,Normal,Looking Away
2026-01-25 12:11:33,Normal,Looking Away
2026-01-25 12:11:33,Normal,Looking Away
2026-01-25 12:11:33,Normal,Looking Away
2026-01-25 12:11:33,Normal,Looking Away
2026-01-25 12:11:33,Normal,Looking Away
2026-01-25 12:11:33,Normal,Looking Away
2026-01-25 12:11:33,Normal,Looking Away
2026-01-25 12:11:33,Normal,Looking Away
2026-01-25 12:11:33,Normal,Looking Away
2026-01-25 12:11:33,Normal,Looking Away
2026-01-25 12:11:33,Normal,Looking Away
2026-01-25 12:11:33,Normal,Looking Away
2026-01-25 12:11:33,Normal,Looking Away
2026-01-25 12:11:33,Normal,Looking Away
2026-01-25 12:11:33,Normal,Looking Away
2026-01-25 12:11:33,Normal,Looking Away
2026-01-25 12:11:33,Normal,Looking Away
2026-01-25 12:11:34,Normal,Looking Away
2026-01-25 12:11:34,Normal,Looking Away
2026-01-25 12:11:34,Normal,Looking Away
2026-01-25 12:11:34,Normal,Looking Away
2026-01-25 12:11:34,Normal,Looking Away
2026-01-25 12:11:34,Normal,Looking Away
2026-01-25 12:11:34,Normal,Looking Away
2026-01-25 12:11:34,Normal,Looking Away
2026-01-25 12:11:34,Normal,Looking Away
2026-01-25 12:11:34,Normal,Looking Away
2026-01-25 12:11:34,Normal,Looking Away
2026-01-25 12:11:34,Normal,Looking Away
2026-01-25 12:11:34,Normal,Looking Away
2026-01-25 12:11:34,Normal,Looking Away
2026-01-25 12:11:34,Normal,Looking Away
2026-01-25 12:11:34,Normal,Looking Away
2026-01-25 12:11:34,Normal,Looking Away
2026-01-25 12:11:34,Normal,Looking Away
2026-01-25 12:11:34,Normal,Looking Away
2026-01-25 12:11:34,Normal,Looking Away
2026-01-25 12:11:34,Normal,Looking Away
2026-01-25 12:11:34,Normal,Looking Away
2026-01-25 12:11:34,Normal,Looking Away
2026-01-25 12:11:34,Normal,Looking Away
2026-01-25 12:11:34,Normal,Looking Away
2026-01-25 12:11:34,Normal,Looking Away
2026-01-25 12:11:34,Normal,Looking Away
2026-01-25 12:11:34,Normal,Looking Away
2026-01-25 12:11:34,Normal,Looking Away
2026-01-25 12:11:34,Normal,Looking Away
2026-01-25 12:11:35,Normal,Looking Away
2026-01-25 12:11:35,Normal,Looking Away
2026-01-25 12:11:35,Normal,Looking Away
2026-01-25 12:11:35,Normal,Looking Away
2026-01-25 12:11:35,Normal,Looking Away
2026-01-25 12:11:35,Normal,Looking Away
2026-01-25 12:11:35,Normal,Looking Away
2026-01-25 12:11:35,Normal,Looking Away
2026-01-25 12:11:35,Normal,Looking Away
2026-01-25 12:11:35,Normal,Looking Away
2026-01-25 12:11:35,Normal,Looking Away
2026-01-25 12:11:35,Normal,Looking Away
2026-01-25 12:11:35,Normal,Looking Away
2026-01-25 12:11:35,Normal,Looking Away
2026-01-25 12:11:35,Normal,Looking Away
2026-01-25 12:11:35,Normal,Looking Away
2026-01-25 12:11:35,Normal,Looking Away
2026-01-25 12:11:35,Normal,Looking Away
2026-01-25 12:11:35,Normal,Looking Away
2026-01-25 12:11:35,Normal,Looking Away
2026-01-25 12:11:35,Normal,Looking Away
2026-01-25 12:11:35,Normal,Looking Away
2026-01-25 12:11:35,Normal,Looking Away
2026-01-25 12:11:35,Normal,Looking Away
2026-01-25 12:11:35,Normal,Looking Away
2026-01-25 12:11:35,Normal,Looking Away
2026-01-25 12:11:35,Normal,Looking Away
2026-01-25 12:11:35,Normal,Looking Away
2026-01-25 12:11:35,Normal,Looking Away
2026-01-25 12:11:35,Normal,Looking Away
2026-01-25 12:11:36,Normal,Looking Away
2026-01-25 12:11:36,Normal,Looking Away
2026-01-25 12:11:36,Normal,Looking Away
2026-01-25 12:11:36,Normal,Looking Away
2026-01-25 12:11:36,Normal,Looking Away
2026-01-25 12:11:36,Normal,Looking Away
2026-01-25 12:11:36,Normal,Looking Away
2026-01-25 12:11:36,Normal,Looking Away
2026-01-25 12:11:36,Normal,Looking Away
2026-01-25 12:11:36,Normal,Looking Away
2026-01-25 12:11:36,Normal,Looking Away
2026-01-25 12:11:36,Normal,Looking Away
2026-01-25 12:11:36,Normal,Looking Away
2026-01-25 12:11:36,Normal,Looking Away
2026-01-25 12:11:36,Normal,Looking Away
2026-01-25 12:11:36,Normal,Looking Away
2026-01-25 12:11:36,Normal,Looking Away
2026-01-25 12:11:36,Normal,Looking Away
2026-01-25 12:11:36,Normal,Looking Away
2026-01-25 12:11:36,Normal,Looking Away
2026-01-25 12:11:36,Normal,Looking Away
2026-01-25 12:11:36,Normal,Looking Away
2026-01-25 12:11:36,Normal,Looking Away
2026-01-25 12:11:36,Normal,Looking Away
2026-01-25 12:11:36,Normal,Looking Away
2026-01-25 12:11:36,Normal,Looking Away
2026-01-25 12:11:36,Normal,Looking Away
2026-01-25 12:11:36,Normal,Looking Away
2026-01-25 12:11:36,Normal,Looking Away
2026-01-25 12:11:36,Normal,Looking Away
2026-01-25 12:11:37,Normal,Looking Away
2026-01-25 12:11:37,Normal,Looking Away
2026-01-25 12:11:37,Normal,Looking Away
2026-01-25 12:11:37,Normal,Looking Away
2026-01-25 12:11:37,Normal,Looking Away
2026-01-25 12:11:37,Normal,Looking Away
2026-01-25 12:11:37,Normal,Looking Away
2026-01-25 12:11:37,Normal,Looking Away
2026-01-25 12:11:37,Normal,Looking Away
2026-01-25 12:11:37,Normal,Looking Away
2026-01-25 12:11:37,Normal,Looking Away
2026-01-25 12:11:37,Normal,Looking Away
2026-01-25 12:11:37,Normal,Looking Away
2026-01-25 12:11:37,Normal,Looking Away
2026-01-25 12:11:37,Normal,Looking Away
2026-01-25 12:11:37,Normal,Looking Away
2026-01-25 12:11:37,Normal,Looking Away
2026-01-25 12:11:37,Normal,Looking Away
2026-01-25 12:11:37,Normal,Looking Away
2026-01-25 12:11:37,Normal,Looking Away
2026-01-25 12:11:37,Normal,Looking Away
2026-01-25 12:11:37,Normal,Looking Away
2026-01-25 12:11:37,Normal,Looking Away
2026-01-25 12:11:37,Normal,Looking Away
2026-01-25 12:11:37,Normal,Looking Away
2026-01-25 12:11:37,Normal,Looking Away
2026-01-25 12:11:37,Normal,Looking Away
2026-01-25 12:11:37,Normal,Looking Away
2026-01-25 12:11:37,Normal,Looking Away
2026-01-25 12:11:38,Normal,Looking Away
2026-01-25 12:11:38,Normal,Looking Away
2026-01-25 12:11:38,Normal,Looking Away
2026-01-25 12:11:38,Normal,Looking Away
2026-01-25 12:11:38,Normal,Looking Away
2026-01-25 12:11:38,Normal,Looking Away
2026-01-25 12:11:38,Normal,Looking Away
2026-01-25 12:11:38,Normal,Looking Away
2026-01-25 12:11:38,Normal,Looking Away
2026-01-25 12:11:38,Normal,Looking Away
2026-01-25 12:11:38,Normal,Looking Away
2026-01-25 12:11:38,Normal,Looking Away
2026-01-25 12:11:38,Normal,Looking Away
2026-01-25 12:11:38,Normal,Looking Away
2026-01-25 12:11:38,Normal,Looking Away
2026-01-25 12:11:38,Normal,Looking Away
2026-01-25 12:11:38,Normal,Looking Away
2026-01-25 12:11:38,Normal,Looking Away
2026-01-25 12:11:38,Normal,Looking Away
2026-01-25 12:11:38,Normal,Looking Away
2026-01-25 12:11:38,Normal,Looking Away
2026-01-25 12:11:38,Normal,Looking Away
2026-01-25 12:11:38,Normal,Looking Away
2026-01-25 12:11:38,Normal,Looking Away
2026-01-25 12:11:38,Normal,Looking Away
2026-01-25 12:11:38,Normal,Looking Away
2026-01-25 12:11:38,Normal,Looking Away
2026-01-25 12:11:38,Normal,Looking Away
2026-01-25 12:11:38,Normal,Looking Away
2026-01-25 12:11:38,Normal,Looking Away
2026-01-25 12:11:38,Normal,Looking Away
2026-01-25 12:11:39,Normal,Looking Away
2026-01-25 12:11:39,Normal,Looking Away
2026-01-25 12:11:39,Normal,Looking Away
2026-01-25 12:11:39,Normal,Looking Away
2026-01-25 12:11:39,Normal,Looking Away
2026-01-25 12:11:39,Normal,Looking Away
2026-01-25 12:11:39,Normal,Looking Away
2026-01-25 12:11:39,Normal,Looking Away
2026-01-25 12:11:39,Normal,Looking Away
2026-01-25 12:11:39,Normal,Looking Away
2026-01-25 12:11:39,Normal,Looking Away
2026-01-25 12:11:39,Normal,Looking Away
2026-01-25 12:11:39,Normal,Looking Away
2026-01-25 12:11:39,Normal,Looking Away
2026-01-25 12:11:39,Normal,Looking Away
2026-01-25 12:11:39,No Face Detected,No Face Detected
2026-01-25 12:11:39,No Face Detected,No Face Detected
2026-01-25 12:11:39,Normal,Looking Away
2026-01-25 12:11:39,Normal,Looking Away
2026-01-25 12:11:39,No Face Detected,No Face Detected
2026-01-25 12:11:39,No Face Detected,No Face Detected
2026-01-25 12:11:39,Normal,Looking Away
2026-01-25 12:11:39,Normal,Looking Away
2026-01-25 12:11:39,Normal,Looking Away
2026-01-25 12:11:39,Normal,Looking Away
2026-01-25 12:11:39,Normal,Looking Away
2026-01-25 12:11:40,Normal,Looking Away
2026-01-25 12:11:40,Normal,Looking Away
2026-01-25 12:11:40,Normal,Looking Away
2026-01-25 12:11:40,Normal,Looking Away
2026-01-25 12:11:40,Normal,Looking Away
2026-01-25 12:11:40,No Face Detected,No Face Detected
2026-01-25 12:11:40,No Face Detected,No Face Detected
2026-01-25 12:11:40,Normal,Looking Away
2026-01-25 12:11:40,Normal,Looking Away
2026-01-25 12:11:40,Normal,Looking Away
2026-01-25 12:11:40,Normal,Looking Away
2026-01-25 12:11:40,Normal,Looking Away
2026-01-25 12:11:40,Normal,Looking Away
2026-01-25 12:11:40,No Face Detected,No Face Detected
2026-01-25 12:11:40,No Face Detected,No Face Detected
2026-01-25 12:11:40,No Face Detected,No Face Detected
2026-01-25 12:11:40,No Face Detected,No Face Detected
2026-01-25 12:11:40,No Face Detected,No Face Detected
2026-01-25 12:11:40,No Face Detected,No Face Detected
2026-01-25 12:11:40,No Face Detected,No Face Detected
2026-01-25 12:11:40,No Face Detected,No Face Detected
2026-01-25 12:11:40,No Face Detected,No Face Detected
2026-01-25 12:11:40,No Face Detected,No Face Detected
2026-01-25 12:11:40,No Face Detected,No Face Detected
2026-01-25 12:11:40,No Face Detected,No Face Detected
2026-01-25 12:11:40,No Face Detected,No Face Detected
2026-01-25 12:11:40,No Face Detected,No Face Detected
2026-01-25 12:11:40,No Face Detected,No Face Detected
2026-01-25 12:11:41,No Face Detected,No Face Detected
2026-01-25 12:11:41,No Face Detected,No Face Detected
2026-01-25 12:11:41,No Face Detected,No Face Detected
2026-01-25 12:11:41,No Face Detected,No Face Detected
2026-01-25 12:11:41,No Face Detected,No Face Detected
2026-01-25 12:11:41,No Face Detected,No Face Detected
2026-01-25 12:11:41,No Face Detected,No Face Detected
2026-01-25 12:11:41,No Face Detected,No Face Detected
2026-01-25 12:11:41,No Face Detected,No Face Detected
2026-01-25 12:11:41,No Face Detected,No Face Detected
2026-01-25 12:11:41,No Face Detected,No Face Detected
2026-01-25 12:11:41,No Face Detected,No Face Detected
2026-01-25 12:11:41,No Face Detected,No Face Detected
2026-01-25 12:11:41,No Face Detected,No Face Detected
2026-01-25 12:11:41,No Face Detected,No Face Detected
2026-01-25 12:11:41,No Face Detected,No Face Detected
2026-01-25 12:11:41,No Face Detected,No Face Detected
2026-01-25 12:11:41,No Face Detected,No Face Detected
2026-01-25 12:11:41,No Face Detected,No Face Detected
2026-01-25 12:11:41,No Face Detected,No Face Detected
2026-01-25 12:11:41,No Face Detected,No Face Detected
2026-01-25 12:11:41,No Face Detected,No Face Detected
2026-01-25 12:11:41,No Face Detected,No Face Detected
2026-01-25 12:11:41,No Face Detected,No Face Detected
2026-01-25 12:11:42,No Face Detected,No Face Detected
2026-01-25 12:11:42,No Face Detected,No Face Detected
2026-01-25 12:11:42,No Face Detected,No Face Detected
2026-01-25 12:11:42,No Face Detected,No Face Detected
2026-01-25 12:11:42,No Face Detected,No Face Detected
2026-01-25 12:11:42,No Face Detected,No Face Detected
2026-01-25 12:11:42,No Face Detected,No Face Detected
2026-01-25 12:11:42,No Face Detected,No Face Detected
2026-01-25 12:11:42,No Face Detected,No Face Detected
2026-01-25 12:11:42,No Face Detected,No Face Detected
2026-01-25 12:11:42,No Face Detected,No Face Detected
2026-01-25 12:11:42,No Face Detected,No Face Detected
2026-01-25 12:11:42,No Face Detected,No Face Detected
2026-01-25 12:11:42,No Face Detected,No Face Detected
2026-01-25 12:11:42,No Face Detected,No Face Detected
2026-01-25 12:11:42,No Face Detected,No Face Detected
2026-01-25 12:11:42,No Face Detected,No Face Detected
2026-01-25 12:11:42,No Face Detected,No Face Detected
2026-01-25 12:11:42,No Face Detected,No Face Detected
2026-01-25 12:11:42,No Face Detected,No Face Detected
2026-01-25 12:11:42,No Face Detected,No Face Detected
2026-01-25 12:11:42,No Face Detected,No Face Detected
2026-01-25 12:11:42,No Face Detected,No Face Detected
2026-01-25 12:11:42,No Face Detected,No Face Detected
2026-01-25 12:11:42,No Face Detected,No Face Detected
2026-01-25 12:11:42,No Face Detected,No Face Detected
2026-01-25 12:11:42,No Face Detected,No Face Detected
2026-01-25 12:11:42,No Face Detected,No Face Detected
2026-01-25 12:11:42,No Face Detected,No Face Detected
2026-01-25 12:11:42,No Face Detected,No Face Detected
2026-01-25 12:11:43,No Face Detected,No Face Detected
2026-01-25 12:11:43,No Face Detected,No Face Detected
2026-01-25 12:11:43,No Face Detected,No Face Detected
2026-01-25 12:11:43,No Face Detected,No Face Detected
2026-01-25 12:11:43,No Face Detected,No Face Detected
2026-01-25 12:11:43,No Face Detected,No Face Detected
2026-01-25 12:11:43,No Face Detected,No Face Detected
2026-01-25 12:11:43,No Face Detected,No Face Detected
2026-01-25 12:11:43,No Face Detected,No Face Detected
2026-01-25 12:11:43,No Face Detected,No Face Detected
2026-01-25 12:11:43,No Face Detected,No Face Detected
2026-01-25 12:11:43,No Face Detected,No Face Detected
2026-01-25 12:11:43,No Face Detected,No Face Detected
2026-01-25 12:11:43,No Face Detected,No Face Detected
2026-01-25 12:11:43,No Face Detected,No Face Detected
2026-01-25 12:11:43,No Face Detected,No Face Detected
2026-01-25 12:11:43,No Face Detected,No Face Detected
2026-01-25 12:11:43,No Face Detected,No Face Detected
2026-01-25 12:11:43,No Face Detected,No Face Detected
2026-01-25 12:11:43,No Face Detected,No Face Detected
2026-01-25 12:11:43,No Face Detected,No Face Detected
2026-01-25 12:11:43,No Face Detected,No Face Detected
2026-01-25 12:11:43,No Face Detected,No Face Detected
2026-01-25 12:11:43,No Face Detected,No Face Detected
2026-01-25 12:11:43,No Face Detected,No Face Detected
2026-01-25 12:11:43,No Face Detected,No Face Detected
2026-01-25 12:11:43,No Face Detected,No Face Detected
2026-01-25 12:11:43,No Face Detected,No Face Detected
2026-01-25 12:11:43,No Face Detected,No Face Detected
2026-01-25 12:11:43,No Face Detected,No Face Detected
2026-01-25 12:11:44,No Face Detected,No Face Detected
2026-01-25 12:11:44,No Face Detected,No Face Detected
2026-01-25 12:11:44,No Face Detected,No Face Detected
2026-01-25 12:11:44,No Face Detected,No Face Detected
2026-01-25 12:11:44,No Face Detected,No Face Detected
2026-01-25 12:11:44,No Face Detected,No Face Detected
2026-01-25 12:11:44,No Face Detected,No Face Detected
2026-01-25 12:11:44,No Face Detected,No Face Detected
2026-01-25 12:11:44,No Face Detected,No Face Detected
2026-01-25 12:11:44,No Face Detected,No Face Detected
2026-01-25 12:11:44,No Face Detected,No Face Detected
2026-01-25 12:11:44,No Face Detected,No Face Detected
2026-01-25 12:11:44,No Face Detected,No Face Detected
2026-01-25 12:11:44,No Face Detected,No Face Detected
2026-01-25 12:11:44,No Face Detected,No Face Detected
2026-01-25 12:11:44,No Face Detected,No Face Detected
2026-01-25 12:11:44,No Face Detected,No Face Detected
2026-01-25 12:11:44,No Face Detected,No Face Detected
2026-01-25 12:11:44,No Face Detected,No Face Detected
2026-01-25 12:11:44,No Face Detected,No Face Detected
2026-01-25 12:11:44,No Face Detected,No Face Detected
2026-01-25 12:11:44,No Face Detected,No Face Detected
2026-01-25 12:11:44,No Face Detected,No Face Detected
2026-01-25 12:11:44,No Face Detected,No Face Detected
2026-01-25 12:11:44,No Face Detected,No Face Detected
2026-01-25 12:11:44,No Face Detected,No Face Detected
2026-01-25 12:11:44,No Face Detected,No Face Detected
2026-01-25 12:11:44,No Face Detected,No Face Detected
2026-01-25 12:11:44,No Face Detected,No Face Detected
2026-01-25 12:11:44,No Face Detected,No Face Detected
2026-01-25 12:11:44,No Face Detected,No Face Detected
2026-01-25 12:11:45,No Face Detected,No Face Detected
2026-01-25 12:11:45,No Face Detected,No Face Detected
2026-01-25 12:11:45,No Face Detected,No Face Detected
2026-01-25 12:11:45,No Face Detected,No Face Detected
2026-01-25 12:11:45,No Face Detected,No Face Detected
2026-01-25 12:11:45,No Face Detected,No Face Detected
2026-01-25 12:11:45,No Face Detected,No Face Detected
2026-01-25 12:11:45,No Face Detected,No Face Detected
2026-01-25 12:11:45,No Face Detected,No Face Detected
2026-01-25 12:11:45,No Face Detected,No Face Detected
2026-01-25 12:11:45,No Face Detected,No Face Detected
2026-01-25 12:11:45,No Face Detected,No Face Detected
2026-01-25 12:11:45,No Face Detected,No Face Detected
2026-01-25 12:11:45,No Face Detected,No Face Detected
2026-01-25 12:11:45,No Face Detected,No Face Detected
2026-01-25 12:11:45,No Face Detected,No Face Detected
2026-01-25 12:11:45,No Face Detected,No Face Detected
2026-01-25 12:11:45,No Face Detected,No Face Detected
2026-01-25 12:11:45,No Face Detected,No Face Detected
2026-01-25 12:11:45,No Face Detected,No Face Detected
2026-01-25 12:11:45,No Face Detected,No Face Detected
2026-01-25 12:11:45,No Face Detected,No Face Detected
2026-01-25 12:11:45,No Face Detected,No Face Detected
2026-01-25 12:11:45,No Face Detected,No Face Detected
2026-01-25 12:11:45,No Face Detected,No Face Detected
2026-01-25 12:11:45,No Face Detected,No Face Detected
2026-01-25 12:11:45,No Face Detected,No Face Detected
2026-01-25 12:11:45,No Face Detected,No Face Detected
2026-01-25 12:11:45,No Face Detected,No Face Detected
2026-01-25 12:11:46,No Face Detected,No Face Detected
2026-01-25 12:11:46,No Face Detected,No Face Detected
2026-01-25 12:11:46,No Face Detected,No Face Detected
2026-01-25 12:11:46,No Face Detected,No Face Detected
2026-01-25 12:11:46,No Face Detected,No Face Detected
2026-01-25 12:11:46,No Face Detected,No Face Detected
2026-01-25 12:11:46,No Face Detected,No Face Detected
2026-01-25 12:11:46,No Face Detected,No Face Detected
2026-01-25 12:11:46,No Face Detected,No Face Detected
2026-01-25 12:11:46,No Face Detected,No Face Detected
2026-01-25 12:11:46,No Face Detected,No Face Detected
2026-01-25 12:11:46,No Face Detected,No Face Detected
2026-01-25 12:11:46,No Face Detected,No Face Detected
2026-01-25 12:11:46,No Face Detected,No Face Detected
2026-01-25 12:11:46,No Face Detected,No Face Detected
2026-01-25 12:11:46,No Face Detected,No Face Detected
2026-01-25 12:11:46,No Face Detected,No Face Detected
2026-01-25 12:11:46,No Face Detected,No Face Detected
2026-01-25 12:11:46,No Face Detected,No Face Detected
2026-01-25 12:11:46,No Face Detected,No Face Detected
2026-01-25 12:11:46,No Face Detected,No Face Detected
2026-01-25 12:11:46,No Face Detected,No Face Detected
2026-01-25 12:11:46,No Face Detected,No Face Detected
2026-01-25 12:11:46,No Face Detected,No Face Detected
2026-01-25 12:11:46,No Face Detected,No Face Detected
2026-01-25 12:11:46,No Face Detected,No Face Detected
2026-01-25 12:11:46,No Face Detected,No Face Detected
2026-01-25 12:11:46,No Face Detected,No Face Detected
2026-01-25 12:11:46,No Face Detected,No Face Detected
2026-01-25 12:11:46,No Face Detected,No Face Detected
2026-01-25 12:11:47,No Face Detected,No Face Detected
2026-01-25 12:11:47,No Face Detected,No Face Detected
2026-01-25 12:11:47,No Face Detected,No Face Detected
2026-01-25 12:11:47,No Face Detected,No Face Detected
2026-01-25 12:11:47,No Face Detected,No Face Detected
2026-01-25 12:11:47,No Face Detected,No Face Detected
